simulation	ksize	subst_rate	del_rate	ins_rate
1000000	0	15	0.04278532650964623	0.051048154951119605	0.05023615495111957
1000000	0	17	0.04303637697200734	0.05071342100130486	0.049901421001304826
1000000	0	19	0.04314926067873387	0.05056290939233615	0.04975090939233611
1000000	0	21	0.04320981108306486	0.05048217551989481	0.04967017551989478
1000000	0	23	0.043298283875358716	0.05036421179683642	0.049552211796836394
1000000	0	25	0.04323080273855833	0.05045418664590354	0.04964218664590351
1000000	0	27	0.04324610403497153	0.050433784917352606	0.04962178491735257
1000000	0	29	0.043491554650325184	0.05010651743021437	0.04929451743021432
1000000	0	31	0.04397625452446861	0.04946025093135641	0.04864825093135637
1000000	0	33	0.0443612663682406	0.048946901806327145	0.04813490180632711
1000000	0	35	0.04474307964230968	0.04843781744090168	0.047625817440901635
1000000	0	37	0.04450502570831676	0.04875522268622566	0.047943222686225626
1000000	0	39	0.043930555571628685	0.04952118286847638	0.04870918286847634
1000000	0	41	0.04337675417200429	0.050259584734642246	0.04944758473464221
1000000	0	43	0.042127062145277235	0.051925840770278356	0.05111384077027832
1000000	0	45	0.04090118368562731	0.053560345383144935	0.052748345383144914
1000000	0	47	0.04013036403614468	0.05458810491578841	0.05377610491578838
1000000	0	49	0.03976096812012321	0.055080632803817024	0.05426863280381699
1000000	0	51	0.04019104838728507	0.05450719244760116	0.053695192447601126
1000000	1	15	0.04670858256472365	0.05083892813026213	0.050026928130262084
1000000	1	17	0.0469586040674648	0.05050556612660724	0.0496935661266072
1000000	1	19	0.04707102510714474	0.05035567140703398	0.04954367140703394
1000000	1	21	0.04713132733857685	0.050275268431791226	0.04946326843179119
1000000	1	23	0.04721943751480589	0.05015778819681924	0.049345788196819215
1000000	1	25	0.04715223295732032	0.05024739427346657	0.049435394273466535
1000000	1	27	0.04716747153958436	0.05022707616378118	0.04941507616378114
1000000	1	29	0.04741191614694471	0.04990115002063409	0.049089150020634055
1000000	1	31	0.04789462942208496	0.049257532320446974	0.048445532320446925
1000000	1	33	0.04827806324988084	0.04874628721671922	0.047934287216719176
1000000	1	35	0.04865831161768499	0.048239289392980285	0.047427289392980236
1000000	1	37	0.048421233375523634	0.048555393715862184	0.04774339371586215
1000000	1	39	0.047849117771736796	0.049318214520911334	0.048506214520911306
1000000	1	41	0.04729758619178243	0.05005358996085042	0.04924158996085038
1000000	1	43	0.04605301617367753	0.05171301665165703	0.05090101665165699
1000000	1	45	0.044832162119965754	0.05334082205660602	0.05252882205660599
1000000	1	47	0.04406450176477827	0.054364369196855944	0.0535523691968559
1000000	1	49	0.04369661986103063	0.05485487840185292	0.054042878401852894
1000000	1	51	0.04412493739402321	0.05428378835786279	0.05347178835786276
1000000	2	15	0.054717922460044956	0.04995851817945084	0.049611518179450864
1000000	2	17	0.054724624997053946	0.049949581463438836	0.04960258146343884
1000000	2	19	0.05466635610785774	0.05002727331570051	0.049680273315700525
1000000	2	21	0.05449855535331805	0.05025100765508676	0.04990400765508679
1000000	2	23	0.05424580844233529	0.05058800353639711	0.05024100353639712
1000000	2	25	0.05400390573615876	0.0509105404779658	0.05056354047796581
1000000	2	27	0.05361246675427468	0.05143245912047784	0.05108545912047785
1000000	2	29	0.0538243570154474	0.05114993877224758	0.05080293877224759
1000000	2	31	0.05423216092919266	0.050606200220587295	0.050259200220587316
1000000	2	33	0.05447990343371964	0.05027587688121795	0.049928876881217964
1000000	2	35	0.05464970664223781	0.05004947260319374	0.04970247260319376
1000000	2	37	0.055131451007745455	0.04940714678251692	0.04906014678251694
1000000	2	39	0.0554825286193097	0.04893904330043127	0.04859204330043129
1000000	2	41	0.05620404404270435	0.047977022735904984	0.047630022735905
1000000	2	43	0.057745163183994856	0.04592219721418434	0.04557519721418435
1000000	2	45	0.05880744547620791	0.04450582082456695	0.04415882082456696
1000000	2	47	0.05907307731943755	0.04415164503359409	0.0438046450335941
1000000	2	49	0.05889814443354588	0.04438488888144966	0.044037888881449674
1000000	2	51	0.0580095486941084	0.045569683200699665	0.04522268320069968
1000000	3	15	0.054687151036394224	0.051168621852507125	0.05058162185250712
1000000	3	17	0.05468487674875052	0.05117165423603213	0.050584654236032124
1000000	3	19	0.0546475842715338	0.05122137753898774	0.05063437753898774
1000000	3	21	0.05479864850628632	0.05101995855931763	0.05043295855931761
1000000	3	23	0.05510437668352693	0.05061232098966349	0.05002532098966349
1000000	3	25	0.05531814299870239	0.050327299236096246	0.049740299236096235
1000000	3	27	0.05532129873686754	0.05032309158520942	0.04973609158520941
1000000	3	29	0.054881417112652695	0.05090960041749576	0.050322600417495734
1000000	3	31	0.054350587050004825	0.05161737383435974	0.051030373834359745
1000000	3	33	0.05410189515660837	0.05194896302555491	0.05136196302555491
1000000	3	35	0.05332572812828764	0.052983852396649295	0.05239685239664929
1000000	3	37	0.05265455918640948	0.05387874431915346	0.05329174431915345
1000000	3	39	0.05226518687477968	0.05439790740132658	0.05381090740132659
1000000	3	41	0.05173546139151797	0.055104208045675444	0.05451720804567543
1000000	3	43	0.0517265158002517	0.05511613550069716	0.05452913550069715
1000000	3	45	0.05335570883003292	0.05294387812765563	0.05235687812765564
1000000	3	47	0.0548779035646123	0.05091428514821634	0.05032728514821633
1000000	3	49	0.05572405913131884	0.049786077725941014	0.04919907772594101
1000000	3	51	0.055914664793039866	0.04953193684364631	0.048944936843646314
1000000	4	15	0.04938455033685066	0.050839220781729054	0.05031722078172903
1000000	4	17	0.04928332984988256	0.050974181431019845	0.05045218143101982
1000000	4	19	0.04924509870995796	0.05102515628425264	0.050503156284252615
1000000	4	21	0.0492278033831539	0.05104821671999135	0.05052621671999133
1000000	4	23	0.04926950343921451	0.050992616645243884	0.050470616645243854
1000000	4	25	0.04928909412444713	0.050966495731600454	0.05044449573160044
1000000	4	27	0.049340386310986306	0.050898106149548115	0.050376106149548086
1000000	4	29	0.0493319573841259	0.050909344718695376	0.050387344718695354
1000000	4	31	0.04919067169917312	0.051097725631965754	0.05057572563196574
1000000	4	33	0.04894418497513738	0.051426374597346725	0.05090437459734671
1000000	4	35	0.048041477386538474	0.05262998471547865	0.05210798471547864
1000000	4	37	0.04693962781997729	0.05409911747089346	0.053577117470893436
1000000	4	39	0.046105658550781636	0.05521107649648772	0.054689076496487694
1000000	4	41	0.04585914020723751	0.05553976762121323	0.05501776762121321
1000000	4	43	0.046061097319246264	0.05527049147186826	0.05474849147186824
1000000	4	45	0.04735750884641901	0.05354194276897115	0.05301994276897112
1000000	4	47	0.04833366973975378	0.052240394911191534	0.051718394911191505
1000000	4	49	0.04825344312762577	0.05234736372736214	0.05182536372736211
1000000	4	51	0.04787716696530421	0.05284906527712427	0.052327065277124246
1000000	5	15	0.05108828643644461	0.05029183184097566	0.04981283184097565
1000000	5	17	0.05107998439201634	0.050302901233546686	0.04982390123354667
1000000	5	19	0.05116175615515476	0.05019387221602881	0.0497148722160288
1000000	5	21	0.0511420211823863	0.05022018551305347	0.04974118551305346
1000000	5	23	0.05116372623996584	0.05019124543628081	0.04971224543628081
1000000	5	25	0.05112491642525491	0.050242991855895314	0.049763991855895306
1000000	5	27	0.05116913109495687	0.05018403896295934	0.04970503896295932
1000000	5	29	0.05114299286461631	0.05021888993674676	0.04973988993674675
1000000	5	31	0.051114376147322775	0.05025704555980481	0.0497780455598048
1000000	5	33	0.05096952181928357	0.05045018466385702	0.049971184663857
1000000	5	35	0.05076894298818195	0.05071762310532587	0.050238623105325855
1000000	5	37	0.05037528968808236	0.05124249417212544	0.05076349417212544
1000000	5	39	0.04974233603143471	0.05208643238098886	0.05160743238098885
1000000	5	41	0.04902700091311991	0.053040212538742	0.052561212538741985
1000000	5	43	0.047322058932067125	0.055313468513479	0.054834468513478986
1000000	5	45	0.045559735242683114	0.057663233432657675	0.057184233432657675
1000000	5	47	0.04329692280542976	0.06068031668232876	0.06020131668232873
1000000	5	49	0.039116604715529704	0.06625407413552895	0.06577507413552895
1000000	5	51	0.03450201585411537	0.07240685928408129	0.07192785928408127
1000000	6	15	0.047270424044542	0.05150908831964174	0.05072308831964179
1000000	6	17	0.04723178035661428	0.05156061323687865	0.05077461323687869
1000000	6	19	0.047299119074349714	0.05147082827989809	0.05068482827989814
1000000	6	21	0.04737902799010874	0.05136428305888595	0.05057828305888598
1000000	6	23	0.047580324036497194	0.051095888330368024	0.05030988833036807
1000000	6	25	0.04792728234599228	0.05063327725104135	0.04984727725104141
1000000	6	27	0.048229379633807155	0.05023048086728812	0.049444480867288164
1000000	6	29	0.04834937075670288	0.050070492703427116	0.04928449270342716
1000000	6	31	0.04822868256278585	0.050231410295316525	0.04944541029531657
1000000	6	33	0.04869909317029296	0.04960419615197372	0.04881819615197376
1000000	6	35	0.049313136094480604	0.048785472253056794	0.047999472253056834
1000000	6	37	0.04991618909022485	0.047981401592064446	0.04719540159206448
1000000	6	39	0.050645517911704026	0.047008963163425656	0.0462229631634257
1000000	6	41	0.051062367571360595	0.04645316361721685	0.0456671636172169
1000000	6	43	0.05149729530823762	0.045873259968047496	0.04508725996804754
1000000	6	45	0.05177575881459979	0.04550197529289804	0.04471597529289809
1000000	6	47	0.051545895220176136	0.04580846008546277	0.04502246008546281
1000000	6	49	0.05058736945380835	0.04708649444061992	0.04630049444061997
1000000	6	51	0.04908556272447861	0.04908890341305955	0.048302903413059595
1000000	7	15	0.04940900547681807	0.05029581335786988	0.04990281335786991
1000000	7	17	0.04942942455608948	0.050268587918841194	0.04987558791884121
1000000	7	19	0.0494546190510541	0.05023499525888839	0.04984199525888841
1000000	7	21	0.04959447832393408	0.05004851622838176	0.04965551622838178
1000000	7	23	0.049719406430949194	0.049881945419028365	0.049488945419028395
1000000	7	25	0.04964812285976609	0.049976990180605814	0.049583990180605844
1000000	7	27	0.04948410841988138	0.05019567610045203	0.04980267610045206
1000000	7	29	0.04928001058410401	0.05046780654815521	0.050074806548155236
1000000	7	31	0.04910527821764054	0.050700783036773195	0.050307783036773225
1000000	7	33	0.04960057904442901	0.050040381934388596	0.04964738193438863
1000000	7	35	0.0499356381867949	0.049593636411234064	0.0492006364112341
1000000	7	37	0.05097031913811428	0.04821406180947489	0.04782106180947492
1000000	7	39	0.052141494975649516	0.04665249402609454	0.04625949402609457
1000000	7	41	0.05253034295163676	0.046134030058111584	0.04574103005811161
1000000	7	43	0.05231104495506614	0.04642642738687236	0.04603342738687238
1000000	7	45	0.05165579545838773	0.04730009338244357	0.046907093382443595
1000000	7	47	0.05171761972520702	0.04721766102668458	0.04682466102668461
1000000	7	49	0.052868836794009125	0.045682704934948345	0.04528970493494836
1000000	7	51	0.05393271594881948	0.04426419939520126	0.04387119939520128
1000000	8	15	0.048128036236523196	0.050195700613892745	0.05009070061389272
1000000	8	17	0.04819417002167293	0.05010752223369317	0.050002522233693156
1000000	8	19	0.04843659493758585	0.049784289012475814	0.04967928901247579
1000000	8	21	0.0488996444474462	0.04916688966599539	0.04906188966599536
1000000	8	23	0.04934916940884394	0.048567523050798346	0.04846252305079832
1000000	8	25	0.04940464976401498	0.048493549243903686	0.04838854924390366
1000000	8	27	0.04942211118237498	0.04847026735275699	0.048365267352756966
1000000	8	29	0.049342302472752876	0.04857667896558652	0.04847167896558649
1000000	8	31	0.04902204030787511	0.0490036951854235	0.04889869518542348
1000000	8	33	0.04873280552871246	0.049389341557640375	0.04928434155764035
1000000	8	35	0.04849037711901499	0.049712579437236934	0.0496075794372369
1000000	8	37	0.04805912708807183	0.050287579478494555	0.05018257947849453
1000000	8	39	0.04713897726641193	0.05151444590737448	0.05140944590737447
1000000	8	41	0.04677512282229317	0.05199958516619942	0.051894585166199395
1000000	8	43	0.04603267770906849	0.05298951198383235	0.05288451198383233
1000000	8	45	0.04510882811642681	0.05422131144068789	0.05411631144068787
1000000	8	47	0.043829146485798096	0.05592755361485958	0.05582255361485956
1000000	8	49	0.04245104293611947	0.05776502501443111	0.0576600250144311
1000000	8	51	0.04095287639492513	0.05976258040269013	0.059657580402690105
1000000	9	15	0.046312110026961104	0.050849537310888517	0.05024053731088855
1000000	9	17	0.04637266234119256	0.050768800891913234	0.05015980089191326
1000000	9	19	0.04639999482280521	0.050732357583096285	0.050123357583096315
1000000	9	21	0.04632594096769535	0.05083109605657605	0.050222096056576064
1000000	9	23	0.04629810807739321	0.050868206576979005	0.050259206576979035
1000000	9	25	0.04631673652329037	0.05084336864911616	0.050234368649116186
1000000	9	27	0.04639790592306237	0.05073514278275345	0.050126142782753486
1000000	9	29	0.04675835519689449	0.05025454375097733	0.049645543750977364
1000000	9	31	0.04701143105588789	0.04991710927231943	0.04930810927231946
1000000	9	33	0.047059026052349	0.04985364927703792	0.04924464927703795
1000000	9	35	0.04714546715997743	0.04973839446686666	0.049129394466866684
1000000	9	37	0.04746033368355582	0.04931857243542888	0.04870957243542891
1000000	9	39	0.04775265034738552	0.04892881688365595	0.048319816883655976
1000000	9	41	0.04783886164808679	0.04881386848272094	0.04820486848272097
1000000	9	43	0.046696113946726084	0.05033753208453512	0.04972853208453515
1000000	9	45	0.045405722943592	0.05205805342204728	0.05144905342204731
1000000	9	47	0.044488993945873266	0.053280358752338865	0.05267135875233889
1000000	9	49	0.042222119257438455	0.05630285833691877	0.05569385833691881
1000000	9	51	0.03879736772770051	0.060869193709902514	0.06026019370990252
1000000	10	15	0.04493007925931943	0.05032014068739733	0.050135140687397335
1000000	10	17	0.04489482382589126	0.050367147931968316	0.05018214793196833
1000000	10	19	0.04499934663602928	0.050227784185117634	0.05004278418511765
1000000	10	21	0.0451203648031605	0.050066426628942624	0.049881426628942634
1000000	10	23	0.04524826058236648	0.04989589892333458	0.049710898923334586
1000000	10	25	0.04558220187715276	0.049450643863619664	0.049265643863619674
1000000	10	27	0.04585972027945246	0.04908061932722002	0.04889561932722003
1000000	10	29	0.04601244233443243	0.048876989920580004	0.04869198992058001
1000000	10	31	0.046130962305245	0.04871896329283	0.04853396329283
1000000	10	33	0.04613454533675234	0.04871418591748691	0.04852918591748692
1000000	10	35	0.046084785910192404	0.04878053181956674	0.04859553181956675
1000000	10	37	0.04556098406787165	0.04947893427599446	0.04929393427599447
1000000	10	39	0.04499503261807539	0.050233536209056115	0.050048536209056124
1000000	10	41	0.04414556331688112	0.05136616194398187	0.05118116194398188
1000000	10	43	0.04307012276704624	0.05280008267709496	0.05261508267709497
1000000	10	45	0.040604892686640595	0.05608705611763585	0.05590205611763586
1000000	10	47	0.03706316502313928	0.06080935966897093	0.06062435966897094
1000000	10	49	0.031529258553484804	0.06818790162851031	0.06800290162851033
1000000	10	51	0.02575652552044793	0.07588487900589264	0.07569987900589263
1000000	11	15	0.04537290790849311	0.05156544644393085	0.0512774464439309
1000000	11	17	0.045289796789472876	0.05167626126929104	0.05138826126929109
1000000	11	19	0.04524138256595952	0.051740813567308946	0.051452813567309
1000000	11	21	0.04512420250826399	0.05189705364423623	0.05160905364423627
1000000	11	23	0.04483709872203962	0.05227985869253543	0.051991858692535475
1000000	11	25	0.04475456742096217	0.05238990042730541	0.05210190042730546
1000000	11	27	0.04475154549159469	0.052393929666462044	0.05210592966646209
1000000	11	29	0.0447880754820486	0.05234522301252356	0.05205722301252362
1000000	11	31	0.044806434094579364	0.052320744862482386	0.05203274486248242
1000000	11	33	0.04482381092299361	0.05229757575793005	0.05200957575793009
1000000	11	35	0.04482638697766175	0.052294141018372646	0.05200614101837269
1000000	11	37	0.04474058999358426	0.052408536997142645	0.0521205369971427
1000000	11	39	0.04420973886207175	0.053116338505825915	0.05282833850582596
1000000	11	41	0.0441866996106551	0.05314705750771487	0.05285905750771492
1000000	11	43	0.04430534407264885	0.052988864891723074	0.052700864891723105
1000000	11	45	0.044860521826870337	0.05224862788609451	0.051960627886094554
1000000	11	47	0.04583142390963869	0.05095409177573667	0.050666091775736714
1000000	11	49	0.048031539618425705	0.04802060416402073	0.04773260416402078
1000000	11	51	0.05045980406565876	0.044782918234376586	0.04449491823437663
1000000	12	15	0.049588398371581126	0.051080513130322636	0.04995251313032261
1000000	12	17	0.04989873804536283	0.050666726898613776	0.04953872689861376
1000000	12	19	0.05011515268686478	0.05037817404327778	0.04925017404327776
1000000	12	21	0.05022718816988717	0.05022879339924794	0.04910079339924793
1000000	12	23	0.0504352924544538	0.04995132101982574	0.04882332101982571
1000000	12	25	0.05071955666221098	0.04957230207614956	0.04844430207614954
1000000	12	27	0.05083989650688762	0.049411848949914	0.04828384894991399
1000000	12	29	0.050864696761733656	0.04937878194345272	0.04825078194345271
1000000	12	31	0.05072224874400118	0.049568712633762564	0.048440712633762546
1000000	12	33	0.05062409117921285	0.04969958938681369	0.04857158938681367
1000000	12	35	0.05073283451380538	0.04955459827402367	0.048426598274023645
1000000	12	37	0.051055718257450144	0.0491240866158306	0.04799608661583058
1000000	12	39	0.051735131810577026	0.04821820187832811	0.04709020187832809
1000000	12	41	0.051882440727257034	0.04802178998942143	0.04689378998942141
1000000	12	43	0.05211433957872573	0.04771259152079652	0.046584591520796505
1000000	12	45	0.05274101146626038	0.04687702900408367	0.045749029004083654
1000000	12	47	0.05450795846659118	0.044521099670309275	0.043393099670309264
1000000	12	49	0.05678948631391334	0.041479062540546396	0.04035106254054638
1000000	12	51	0.058839672900775755	0.038745480424729875	0.03761748042472986
1000000	13	15	0.05214899938657103	0.050633746674258996	0.049580746674259026
1000000	13	17	0.052067121954006465	0.05074291658434518	0.04968991658434521
1000000	13	19	0.0520535479580921	0.050761015245564284	0.04970801524556432
1000000	13	21	0.05181830111413251	0.05107467770417712	0.05002167770417716
1000000	13	23	0.05174488813944327	0.051172561670429426	0.05011956167042947
1000000	13	25	0.051871478675007	0.05100377428967776	0.0499507742896778
1000000	13	27	0.051751983903083706	0.05116310065224219	0.050110100652242216
1000000	13	29	0.05140019185719453	0.05163215671342779	0.05057915671342783
1000000	13	31	0.05085669472162315	0.05235681956085622	0.05130381956085625
1000000	13	33	0.050387297148478435	0.052982682991715796	0.051929682991715825
1000000	13	35	0.05020813005476411	0.053221572450001656	0.052168572450001685
1000000	13	37	0.04999596541586519	0.05350445863520014	0.05245145863520017
1000000	13	39	0.049442716929808776	0.05424212328327545	0.053189123283275484
1000000	13	41	0.04903126891318444	0.05479072063877455	0.053737720638774585
1000000	13	43	0.04752088083836492	0.05680457140520052	0.055751571405200546
1000000	13	45	0.04578338879734641	0.0591212274598918	0.058068227459891826
1000000	13	47	0.044782719179047546	0.060455453617623736	0.05940245361762378
1000000	13	49	0.043342138882601786	0.06237622734621809	0.06132322734621813
1000000	13	51	0.04276091727843795	0.06315118948510307	0.06209818948510308
1000000	14	15	0.05123742196212888	0.051087696977961	0.05030669697796097
1000000	14	17	0.051268628732163736	0.051046087951247834	0.050265087951247796
1000000	14	19	0.05118620554706247	0.051155985531382876	0.050374985531382845
1000000	14	21	0.051105931085682864	0.05126301814655565	0.05048201814655562
1000000	14	23	0.05117840154914469	0.05116639086193991	0.050385390861939876
1000000	14	25	0.05130344265737538	0.05099966938429907	0.050218669384299044
1000000	14	27	0.05136300086690762	0.05092025843825601	0.05013925843825597
1000000	14	29	0.05123242290645455	0.051094362385526775	0.05031336238552673
1000000	14	31	0.05122195923858989	0.05110831394267972	0.0503273139426797
1000000	14	33	0.050791594390545834	0.051682133740071856	0.05090113374007184
1000000	14	35	0.05059199248288077	0.05194826961695841	0.051167269616958375
1000000	14	37	0.05004318764451426	0.05268000940144708	0.05189900940144703
1000000	14	39	0.049450605454147416	0.05347011898860296	0.05268911898860293
1000000	14	41	0.04924757766815374	0.053740822703261144	0.052959822703261106
1000000	14	43	0.04926385429804989	0.05371912053006629	0.05293812053006626
1000000	14	45	0.04909745429908586	0.05394098719535169	0.05315998719535166
1000000	14	47	0.04869775899004844	0.05447391427406821	0.05369291427406817
1000000	14	49	0.04933339574085055	0.05362639860633211	0.05284539860633207
1000000	14	51	0.04927948796904826	0.05369827563540186	0.05291727563540183
1000000	15	15	0.052581094693323414	0.050213126290680615	0.04990812629068061
1000000	15	17	0.05251360384487141	0.05030311408861668	0.049998114088616694
1000000	15	19	0.05265253334747066	0.05011787475181769	0.0498128747518177
1000000	15	21	0.05293316172816373	0.04974370357756025	0.04943870357756025
1000000	15	23	0.05338509893091466	0.04914112064055893	0.04883612064055893
1000000	15	25	0.0539434188560348	0.04839669407373215	0.048091694073732164
1000000	15	27	0.054548280610553626	0.047590211734373666	0.04728521173437366
1000000	15	29	0.05481381681153721	0.04723616346639559	0.046931163466395594
1000000	15	31	0.0549664464656338	0.04703265726093342	0.04672765726093341
1000000	15	33	0.05522090052140607	0.04669338518657036	0.046388385186570354
1000000	15	35	0.05610092134984954	0.04552002408197914	0.04521502408197914
1000000	15	37	0.05679795956022742	0.044590639801475256	0.044285639801475256
1000000	15	39	0.056980803480809375	0.04434684790736607	0.04404184790736608
1000000	15	41	0.05696324482807072	0.044370259444350926	0.04406525944435093
1000000	15	43	0.05678652320204704	0.04460588827904921	0.04430088827904921
1000000	15	45	0.055761115259500886	0.04597309886911069	0.04566809886911069
1000000	15	47	0.05362007852473821	0.04882781451546091	0.04852281451546091
1000000	15	49	0.04955598965641165	0.0542465996732297	0.0539415996732297
1000000	15	51	0.04471494430151404	0.060701326813093086	0.06039632681309308
1000000	16	15	0.04905852088985182	0.05066202053770298	0.05043302053770294
1000000	16	17	0.04906176421758876	0.05065769610072037	0.05042869610072034
1000000	16	19	0.04889340867693197	0.05088217015492941	0.05065317015492937
1000000	16	21	0.04877936019015591	0.051034234803964185	0.05080523480396415
1000000	16	23	0.04865171201517111	0.05120443237061059	0.05097543237061056
1000000	16	25	0.04858934552551087	0.051287587690157586	0.05105858769015756
1000000	16	27	0.048763071536616714	0.05105595300868304	0.050826953008683
1000000	16	29	0.04923428900430361	0.050427663051767324	0.050198663051767296
1000000	16	31	0.049571287648408076	0.04997833152629472	0.04974933152629469
1000000	16	33	0.04986237904555653	0.04959020966342998	0.049361209663429946
1000000	16	35	0.050119242383666676	0.049247725212616465	0.049018725212616424
1000000	16	37	0.0502386061731256	0.04908857349333794	0.048859573493337916
1000000	16	39	0.050126925401615195	0.049237481188685164	0.04900848118868514
1000000	16	41	0.049967681945951095	0.049449805796237235	0.049220805796237194
1000000	16	43	0.049810696117432676	0.049659120234261826	0.04943012023426179
1000000	16	45	0.04929573009986767	0.050345741591015104	0.05011674159101506
1000000	16	47	0.04905810888391723	0.05066256987894914	0.050433569878949105
1000000	16	49	0.04897047593165868	0.05077941381529378	0.05055041381529374
1000000	16	51	0.047703835598554706	0.052468267592765815	0.05223926759276579
1000000	17	15	0.050846003090506915	0.05091032901153911	0.050735329011539085
1000000	17	17	0.05057409008319395	0.05127287968795629	0.051097879687956246
1000000	17	19	0.050304807055761284	0.05163192372453319	0.05145692372453314
1000000	17	21	0.050024342071622555	0.05200587703671818	0.05183087703671814
1000000	17	23	0.04963497068546817	0.05252503888492406	0.052350038884924024
1000000	17	25	0.049467053336137615	0.05274892868403145	0.052573928684031414
1000000	17	27	0.04955600703003124	0.052630323758839956	0.05245532375883993
1000000	17	29	0.049583397442244055	0.05259380320922286	0.05241880320922282
1000000	17	31	0.04974874197970968	0.05237334382593534	0.0521983438259353
1000000	17	33	0.05037708426423695	0.051535554113232344	0.051360554113232315
1000000	17	35	0.051150344596691176	0.05050454033662666	0.05032954033662662
1000000	17	37	0.05160331588415191	0.04990057862001249	0.049725578620012464
1000000	17	39	0.052580423955244385	0.048597767858555775	0.04842276785855574
1000000	17	41	0.0534787950102119	0.04739993978526582	0.04722493978526579
1000000	17	43	0.054252914545961005	0.04636778040426694	0.04619278040426691
1000000	17	45	0.05469496496487404	0.045778379845716186	0.04560337984571614
1000000	17	47	0.05563429053306641	0.044525945754793066	0.04435094575479303
1000000	17	49	0.05652086280466681	0.04334384939265911	0.04316884939265907
1000000	17	51	0.05693694001127667	0.04278907978384607	0.04261407978384604
1000000	18	15	0.050193799349355965	0.05005060509146736	0.04982360509146738
1000000	18	17	0.050098365836904614	0.050177849774735814	0.04995084977473583
1000000	18	19	0.04990520425366146	0.0504353985523933	0.05020839855239331
1000000	18	21	0.04968506061153292	0.050728923408564754	0.050501923408564776
1000000	18	23	0.04954246441772848	0.05091905166697064	0.05069205166697066
1000000	18	25	0.04934972885560303	0.05117603241647119	0.0509490324164712
1000000	18	27	0.049131147304942925	0.05146747448401808	0.051240474484018105
1000000	18	29	0.04907270911266701	0.05154539207371921	0.051318392073719216
1000000	18	31	0.049263338692770366	0.051291219300248214	0.051064219300248244
1000000	18	33	0.04944011308843923	0.05105552010602297	0.05082852010602299
1000000	18	35	0.04936408217721835	0.05115689465431741	0.050929894654317416
1000000	18	37	0.04975436819873034	0.0506365132923015	0.05040951329230152
1000000	18	39	0.050184628050531345	0.050062833489900094	0.049835833489900117
1000000	18	41	0.05103973825020813	0.04892268655699775	0.04869568655699777
1000000	18	43	0.05115835953119843	0.04876452484901073	0.04853752484901076
1000000	18	45	0.051179760417519524	0.04873599033391593	0.048508990333915945
1000000	18	47	0.051193220004770154	0.048718044217581774	0.0484910442175818
1000000	18	49	0.05007129746498853	0.050213940937290626	0.049986940937290655
1000000	18	51	0.04852119829592675	0.052280739829373014	0.052053739829373044
1000000	19	15	0.047016698233544096	0.05010504645718698	0.050107046457187034
1000000	19	17	0.047263938810422935	0.0497753923546818	0.04977739235468184
1000000	19	19	0.04739636924348535	0.04959881844393198	0.049600818443932035
1000000	19	21	0.04753052406704478	0.049419945345852756	0.049421945345852814
1000000	19	23	0.04758771091690211	0.049343696212709634	0.04934569621270969
1000000	19	25	0.04758130916132262	0.04935223188681565	0.04935423188681571
1000000	19	27	0.04733155410326678	0.04968523863089009	0.04968723863089015
1000000	19	29	0.04692753355615891	0.05022393269370053	0.050225932693700584
1000000	19	31	0.04610060748253871	0.051326500791860824	0.051328500791860875
1000000	19	33	0.0456359521782088	0.05194604119763402	0.051948041197634076
1000000	19	35	0.045174803054397306	0.052560906696049355	0.052562906696049405
1000000	19	37	0.04453510744930898	0.053413834169500476	0.05341583416950053
1000000	19	39	0.043310255443141196	0.0550469701777242	0.055048970177724255
1000000	19	41	0.041845515196478424	0.05699995717327454	0.0570019571732746
1000000	19	43	0.040608811660698754	0.058648895220980754	0.05865089522098081
1000000	19	45	0.041242822784993374	0.057803547055254555	0.05780554705525461
1000000	19	47	0.04235081095874153	0.05632622949025702	0.05632822949025707
1000000	19	49	0.04282433142148412	0.05569486887326701	0.05569686887326707
1000000	19	51	0.04239135989594312	0.056272164240654926	0.056274164240654984
1000000	20	15	0.05573290243200326	0.05078366833455074	0.04999366833455077
1000000	20	17	0.055686536149571565	0.05084549004445976	0.05005549004445981
1000000	20	19	0.055581850151955735	0.05098507137461413	0.050195071374614174
1000000	20	21	0.05538191516843556	0.05125165135264103	0.05046165135264107
1000000	20	23	0.05526692381879192	0.0514049731521659	0.05061497315216594
1000000	20	25	0.05511847890486209	0.0516028997040724	0.050812899704072455
1000000	20	27	0.0548117738806944	0.052011839736295924	0.05122183973629597
1000000	20	29	0.05459288684127499	0.052303689122188496	0.051513689122188545
1000000	20	31	0.05473300573196671	0.0521168639345995	0.051326863934599544
1000000	20	33	0.054690708973442095	0.05217325961263225	0.051383259612632286
1000000	20	35	0.05452601507413962	0.05239285147836899	0.05160285147836904
1000000	20	37	0.054211334390124724	0.05281242572372215	0.05202242572372219
1000000	20	39	0.054032510197958204	0.05305085797994417	0.05226085797994421
1000000	20	41	0.05372075246008243	0.053466534963778505	0.05267653496377854
1000000	20	43	0.05308649280983361	0.05431221449744361	0.053522214497443654
1000000	20	45	0.053605101147117716	0.05362073671439818	0.052830736714398224
1000000	20	47	0.054550066913350306	0.05236078235942142	0.051570782359421474
1000000	20	49	0.054825364396012925	0.05199371904920454	0.05120371904920457
1000000	20	51	0.05348464940812381	0.05378133903305667	0.05299133903305671
1000000	21	15	0.055982974638556275	0.05094069237465967	0.05007569237465967
1000000	21	17	0.05594570123353451	0.05099039024802201	0.050125390248022005
1000000	21	19	0.05595031195190736	0.05098424262352478	0.050119242623524775
1000000	21	21	0.05583576550766123	0.051136971215853054	0.050271971215853056
1000000	21	23	0.05598999772092033	0.050931328264840876	0.05006632826484088
1000000	21	25	0.05608485663398281	0.050804849714090855	0.04993984971409084
1000000	21	27	0.05614030889653629	0.05073091336401969	0.04986591336401971
1000000	21	29	0.05593576134805725	0.051003643428658214	0.0501386434286582
1000000	21	31	0.05587661841698201	0.051082500670091964	0.05021750067009196
1000000	21	33	0.05572630445791732	0.05128291928217822	0.050417919282178224
1000000	21	35	0.055375549124357736	0.051750593060257685	0.05088559306025769
1000000	21	37	0.05500815659130107	0.05224044977099977	0.05137544977099976
1000000	21	39	0.054550374946030725	0.05285082529802702	0.05198582529802701
1000000	21	41	0.053428093306480094	0.054347200817427874	0.053482200817427876
1000000	21	43	0.052481566996081835	0.055609235897958825	0.054744235897958814
1000000	21	45	0.051821878536275845	0.05648882051103355	0.055623820511033546
1000000	21	47	0.05254400760702599	0.05552598175003335	0.05466098175003335
1000000	21	49	0.05338819900613698	0.05440039321788527	0.05353539321788526
1000000	21	51	0.05515274400609995	0.05204766655126807	0.05118266655126807
1000000	22	15	0.05039675792876523	0.05161585861687033	0.05117685861687036
1000000	22	17	0.05025018972378435	0.051811282890178174	0.05137228289017821
1000000	22	19	0.05016697075506547	0.051922241515136636	0.05148324151513666
1000000	22	21	0.0500545339085507	0.05207215731048978	0.05163315731048982
1000000	22	23	0.04977704800120324	0.052442138520286376	0.05200313852028641
1000000	22	25	0.049387119826419044	0.052962042753331905	0.05252304275333193
1000000	22	27	0.04881233580878744	0.053728421443507444	0.053289421443507484
1000000	22	29	0.04833463591399837	0.05436535463655949	0.05392635463655952
1000000	22	31	0.04766950211182885	0.055252199706118874	0.0548131997061189
1000000	22	33	0.04694135616003243	0.05622306097518081	0.05578406097518084
1000000	22	35	0.046761574925792165	0.056462769287501234	0.05602376928750128
1000000	22	37	0.04618637398028111	0.057229703881515825	0.05679070388151586
1000000	22	39	0.04539422025831427	0.05828590884413828	0.0578469088441383
1000000	22	41	0.04526364768038265	0.05846000561471379	0.058021005614713815
1000000	22	43	0.04650136168951631	0.05680972026920225	0.05637072026920228
1000000	22	45	0.047833916381526995	0.05503298067985464	0.054593980679854666
1000000	22	47	0.048909514915884224	0.0535988493007117	0.053159849300711735
1000000	22	49	0.050672633802314605	0.05124802411880449	0.050809024118804516
1000000	22	51	0.052138489596546496	0.04929354972649539	0.04885454972649543
1000000	23	15	0.055888709481475736	0.05080341645196431	0.050418416451964335
1000000	23	17	0.05574207394730364	0.050998930497527156	0.050613930497527194
1000000	23	19	0.05544394092876149	0.05139644118891675	0.05101144118891679
1000000	23	21	0.05519192874322611	0.05173245743629724	0.051347457436297275
1000000	23	23	0.05518855833121766	0.05173695131897507	0.051351951318975096
1000000	23	25	0.05512306079315095	0.05182428136973081	0.05143928136973085
1000000	23	27	0.055155299177641115	0.051781296857077184	0.05139629685707722
1000000	23	29	0.055282844655472514	0.05161123621996863	0.05122623621996866
1000000	23	31	0.055674771793935755	0.051088666702017664	0.050703666702017695
1000000	23	33	0.055948383743459174	0.050723850769319706	0.05033885076931973
1000000	23	35	0.05563647503595799	0.051139729045988035	0.05075472904598807
1000000	23	37	0.055553912454059606	0.05124981248851916	0.05086481248851919
1000000	23	39	0.055199477287486226	0.051722392710617016	0.05133739271061704
1000000	23	41	0.05519273630016267	0.05173138069371514	0.05134638069371518
1000000	23	43	0.055616011156343716	0.05116701421880699	0.050782014218807014
1000000	23	45	0.0558339726642282	0.050876398874960996	0.05049139887496102
1000000	23	47	0.05676533872066485	0.04963457746637883	0.04924957746637886
1000000	23	49	0.058475523953055386	0.047354330489858064	0.04696933048985809
1000000	23	51	0.06065202230060755	0.04445233269312194	0.04406733269312197
1000000	24	15	0.0536761716619345	0.049353327882897584	0.04875532788289759
1000000	24	17	0.053883225384214486	0.04907725625319097	0.048479256253190973
1000000	24	19	0.054115946541232765	0.04876696137716666	0.04816896137716667
1000000	24	21	0.05431781526272347	0.048497803081845675	0.04789980308184568
1000000	24	23	0.054380480562522926	0.048414249348779664	0.04781624934877966
1000000	24	25	0.05430694426486383	0.048512297745658586	0.0479142977456586
1000000	24	27	0.05424337230415095	0.048597060359942414	0.047999060359942426
1000000	24	29	0.05385970009204368	0.04910862330941874	0.04851062330941875
1000000	24	31	0.053646260616605886	0.049393209276669195	0.048795209276669214
1000000	24	33	0.05380955030446447	0.04917548969285775	0.04857748969285777
1000000	24	35	0.053639377087398715	0.04940238731561205	0.04880438731561207
1000000	24	37	0.05269168057969089	0.050665982659222446	0.05006798265922246
1000000	24	39	0.05077736367271995	0.05321840520185041	0.05262040520185042
1000000	24	41	0.04832572463762885	0.056487257248638456	0.055889257248638455
1000000	24	43	0.04657793560834033	0.05881764262102317	0.058219642621023165
1000000	24	45	0.04733297624896799	0.05781092176685295	0.057212921766852956
1000000	24	47	0.04655961564841465	0.05884206923425741	0.058244069234257415
1000000	24	49	0.04422762011858326	0.06195139660736587	0.06135339660736587
1000000	24	51	0.04075453307407748	0.06658217933337365	0.06598417933337367
1000000	25	15	0.0474297575421696	0.050427576235213975	0.050211576235213974
1000000	25	17	0.0475442851551491	0.0502748727512413	0.050058872751241296
1000000	25	19	0.04762124966103934	0.05017225341005439	0.04995625341005439
1000000	25	21	0.04773242719282244	0.05002401670101023	0.04980801670101023
1000000	25	23	0.04782795066264101	0.049896652074585414	0.04968065207458541
1000000	25	25	0.048010282167317564	0.04965354340168339	0.049437543401683395
1000000	25	27	0.04826419565940287	0.049314992078902935	0.049098992078902934
1000000	25	29	0.048311907361294676	0.04925137647638058	0.04903537647638058
1000000	25	31	0.048548789437451834	0.04893553370817107	0.04871953370817107
1000000	25	33	0.04851446989727639	0.048981293095071696	0.04876529309507171
1000000	25	35	0.04868747276569324	0.04875062260384921	0.04853462260384921
1000000	25	37	0.048903367951154936	0.04846276235656698	0.04824676235656698
1000000	25	39	0.04883987794052559	0.04854741570407277	0.04833141570407279
1000000	25	41	0.04828683246932766	0.049284809665669956	0.04906880966566996
1000000	25	43	0.04779912219058874	0.04993509003732184	0.04971909003732185
1000000	25	45	0.04710494910316212	0.05086065415389062	0.05064465415389063
1000000	25	47	0.045437915774365484	0.05308336525895288	0.0528673652589529
1000000	25	49	0.04390931960557607	0.05512149348400541	0.05490549348400542
1000000	25	51	0.04230774333738697	0.05725692850825753	0.05704092850825754
1000000	26	15	0.04692676113802298	0.05111516373445853	0.05040216373445856
1000000	26	17	0.0469649368001617	0.051064262851607006	0.05035126285160705
1000000	26	19	0.047146384356719896	0.05082233277619595	0.050109332776195975
1000000	26	21	0.04722870715177965	0.05071256904944971	0.049999569049449744
1000000	26	23	0.047443047135770224	0.05042678240412899	0.049713782404129034
1000000	26	25	0.0477725814856015	0.0499874032710206	0.049274403271020645
1000000	26	27	0.04823811369318711	0.049366693660906465	0.048653693660906515
1000000	26	29	0.048736739799316545	0.04870185885273381	0.047988858852733844
1000000	26	31	0.0487148194533547	0.04873108598068287	0.04801808598068289
1000000	26	33	0.04901645233349422	0.0483289088071636	0.04761590880716363
1000000	26	35	0.049592772149843145	0.04756048238536497	0.04684748238536501
1000000	26	37	0.050040840170715986	0.046963058357534546	0.046250058357534575
1000000	26	39	0.05033257942311297	0.046574072687671865	0.0458610726876719
1000000	26	41	0.05008902073638973	0.046898817603302854	0.046185817603302884
1000000	26	43	0.049418646223532044	0.047792650287113096	0.04707965028711313
1000000	26	45	0.04870276207999083	0.04874716247850142	0.04803416247850146
1000000	26	47	0.046914801419577774	0.0511311100257188	0.050418110025718846
1000000	26	49	0.04270223639918786	0.05674786338623879	0.05603486338623883
1000000	26	51	0.0382584107355484	0.06267296427109136	0.061959964271091406
1000000	27	15	0.048049883716934375	0.05087325705713441	0.050341257057134436
1000000	27	17	0.048158767053144536	0.050728079275520796	0.05019607927552081
1000000	27	19	0.04850227255074375	0.0502700719453886	0.049738071945388616
1000000	27	21	0.048681065441209766	0.050031681424767195	0.04949968142476722
1000000	27	23	0.04869772186901503	0.05000947285436017	0.049477472854360195
1000000	27	25	0.048887081642309343	0.04975699315663449	0.04922499315663452
1000000	27	27	0.04906564096186556	0.049518914063892874	0.048986914063892904
1000000	27	29	0.049362691582726805	0.0491228465694112	0.04859084656941123
1000000	27	31	0.04939460040174301	0.04908030147738951	0.04854830147738953
1000000	27	33	0.04952362552328799	0.04890826798199629	0.04837626798199632
1000000	27	35	0.05015246380045573	0.048069816945772545	0.04753781694577256
1000000	27	37	0.0510174892423799	0.046916449689873706	0.04638444968987373
1000000	27	39	0.051714417196201	0.045987212418112204	0.04545521241811222
1000000	27	41	0.05269146014017395	0.04468448849281495	0.04415248849281497
1000000	27	43	0.05389685602611164	0.04307729397823138	0.04254529397823141
1000000	27	45	0.054796375271536156	0.041877934984331996	0.04134593498433202
1000000	27	47	0.056707129613661485	0.0393302625281649	0.038798262528164915
1000000	27	49	0.05781067678660791	0.037858866297569724	0.037326866297569754
1000000	27	51	0.05899727035722451	0.036276741536747543	0.03574474153674756
1000000	28	15	0.046146906049758706	0.05016108243667224	0.04947308243667222
1000000	28	17	0.046371687676618735	0.04986137360085878	0.049173373600858744
1000000	28	19	0.04663906069979158	0.049504876236628415	0.04881687623662839
1000000	28	21	0.04677915137381112	0.04931808867126904	0.04863008867126903
1000000	28	23	0.046822981731453266	0.04925964819441291	0.0485716481944129
1000000	28	25	0.04681186840339623	0.049274465965155584	0.04858646596515557
1000000	28	27	0.04672054846182031	0.049396225887256805	0.04870822588725678
1000000	28	29	0.04664053471413009	0.04950291088417701	0.04881491088417698
1000000	28	31	0.04681578894396334	0.04926923857773272	0.048581238577732694
1000000	28	33	0.047105243148760946	0.048883299638002656	0.04819529963800264
1000000	28	35	0.047189769672784196	0.048770597605971584	0.04808259760597157
1000000	28	37	0.04729148173059953	0.04863498152888451	0.0479469815288845
1000000	28	39	0.047216480211958504	0.04873498355373915	0.04804698355373912
1000000	28	41	0.04698533450710891	0.049043177826871925	0.04835517782687189
1000000	28	43	0.04688675087663638	0.04917462266750195	0.04848662266750192
1000000	28	45	0.04716279619439322	0.04880656224382619	0.04811856224382617
1000000	28	47	0.04703434447870861	0.048977831198072336	0.04828983119807231
1000000	28	49	0.04689745843957224	0.04916034591692093	0.04847234591692092
1000000	28	51	0.046049127134065386	0.050291454324263345	0.04960345432426332
1000000	29	15	0.05601600672750022	0.04949392167368073	0.04899292167368076
1000000	29	17	0.05600577866729479	0.04950755908728801	0.04900655908728804
1000000	29	19	0.05610707005741254	0.04937250390046435	0.04887150390046437
1000000	29	21	0.056123764499690296	0.04935024464409399	0.048849244644094014
1000000	29	23	0.0561511778564824	0.04931369350170447	0.04881269350170449
1000000	29	25	0.056185581741758285	0.049267821654669974	0.048766821654669994
1000000	29	27	0.05601227730495423	0.049498894237075375	0.048997894237075394
1000000	29	29	0.055683356064336303	0.0499374558912327	0.04943645589123273
1000000	29	31	0.05585232807059001	0.04971215988289438	0.049211159882894415
1000000	29	33	0.05594206703334248	0.049592507932557775	0.0490915079325578
1000000	29	35	0.05582014815293449	0.04975506643976837	0.049254066439768394
1000000	29	37	0.0557908509255447	0.04979412940962147	0.04929312940962151
1000000	29	39	0.05576157066439258	0.04983316975782433	0.049332169757824354
1000000	29	41	0.05567114371157433	0.04995373902824857	0.04945273902824859
1000000	29	43	0.05548235304936697	0.050205459911191824	0.04970445991119186
1000000	29	45	0.05642119086606118	0.0489536761555994	0.04845267615559942
1000000	29	47	0.0575804162789476	0.04740804227175087	0.046907042271750896
1000000	29	49	0.05875004532793167	0.04584853687310546	0.04534753687310548
1000000	29	51	0.0605257950400804	0.04348087059024052	0.04297987059024054
